name_with_owner,stars,created_at
freeCodeCamp/freeCodeCamp,387160,2014-12-24
EbookFoundation/free-programming-books,318944,2013-10-11
sindresorhus/awesome,298563,2014-07-11
public-apis/public-apis,291249,2016-03-20
jwasham/coding-interview-university,282386,2016-06-06
kamranahmedse/developer-roadmap,273317,2017-03-15
996icu/996.ICU,268997,2019-03-26
codecrafters-io/build-your-own-x,255815,2018-05-09
donnemartin/system-design-primer,252202,2017-02-26
facebook/react,221361,2013-05-24
vuejs/vue,206835,2013-07-29
vinta/awesome-python,204063,2014-06-27
tensorflow/tensorflow,182217,2015-11-07
trekhleb/javascript-algorithms,181709,2018-03-24
TheAlgorithms/Python,178075,2016-07-16
awesome-selfhosted/awesome-selfhosted,176741,2015-06-01
getify/You-Dont-Know-JS,176051,2013-11-16
CyC2018/CS-Notes,171993,2018-02-13
torvalds/linux,169548,2011-09-04
ohmyzsh/ohmyzsh,168405,2009-08-28
twbs/bootstrap,167348,2011-07-29
practical-tutorials/project-based-learning,166039,2017-04-12
ossu/computer-science,162313,2014-05-04
flutter/flutter,161552,2015-03-06
Significant-Gravitas/AutoGPT,160820,2023-03-16
microsoft/vscode,157881,2015-09-03
github/gitignore,157408,2010-11-08
jackfrued/Python-100-Days,149648,2018-03-01
jlevy/the-art-of-command-line,148347,2015-05-20
Snailclimb/JavaGuide,142851,2018-05-07
airbnb/javascript,141548,2012-11-01
trimstray/the-book-of-secret-knowledge,128537,2018-06-23
AUTOMATIC1111/stable-diffusion-webui,128525,2022-08-22
ytdl-org/youtube-dl,128272,2010-10-31
huggingface/transformers,124261,2018-10-29
labuladong/fucking-algorithm,123235,2020-02-19
vercel/next.js,120193,2016-10-05
avelino/awesome-go,120164,2014-07-06
golang/go,119328,2014-08-19
Chalarangelo/30-seconds-of-code,118966,2017-11-29
facebook/react-native,115516,2015-01-09
electron/electron,111824,2013-04-12
yangshun/tech-interview-handbook,109217,2016-07-05
justjavac/free-programming-books-zh_CN,109024,2013-11-04
d3/d3,107580,2010-09-27
kubernetes/kubernetes,106523,2014-06-06
microsoft/PowerToys,104027,2019-05-01
axios/axios,103924,2014-08-18
nodejs/node,103534,2014-11-26
f/awesome-chatgpt-prompts,103027,2022-12-05
facebook/create-react-app,101811,2016-07-17
Genymobile/scrcpy,101435,2017-11-21
mrdoob/three.js,98667,2010-03-23
microsoft/TypeScript,97780,2014-06-17
goldbergyoni/nodebestpractices,96165,2017-09-15
angular/angular,94403,2014-09-18
microsoft/terminal,93365,2017-08-11
denoland/deno,92822,2018-05-15
rust-lang/rust,92601,2010-06-16
mui/material-ui,91459,2014-08-18
ant-design/ant-design,90069,2015-04-24
ryanmcdermott/clean-code-javascript,89528,2016-11-25
GrowingGit/GitHub-Chinese-Top-Charts,88168,2019-09-05
puppeteer/puppeteer,86672,2017-05-09
iluwatar/java-design-patterns,86317,2014-08-09
PanJiaChen/vue-element-admin,86230,2017-04-17
521xueweihan/HelloGitHub,84464,2016-05-04
ripienaar/free-for-dev,83485,2015-03-18
papers-we-love/papers-we-love,83044,2013-12-15
godotengine/godot,82766,2014-01-04
storybookjs/storybook,82699,2016-03-18
nvbn/thefuck,82660,2015-04-08
langchain-ai/langchain,82116,2022-10-17
microsoft/Web-Dev-For-Beginners,81334,2020-11-10
animate-css/animate.css,79695,2011-10-12
fatedier/frp,79281,2015-12-21
gothinkster/realworld,78188,2016-02-26
tailwindlabs/tailwindcss,78059,2017-10-06
iptv-org/iptv,77772,2018-11-14
pytorch/pytorch,77509,2016-08-13
tauri-apps/tauri,76957,2019-07-13
Hack-with-Github/Awesome-Hacking,76858,2016-03-30
mtdvio/every-programmer-should-know,76723,2017-08-24
laravel/laravel,76696,2011-06-08
django/django,76596,2012-04-28
tensorflow/models,76560,2016-02-05
sveltejs/svelte,76287,2016-11-20
neovim/neovim,76184,2014-01-31
bitcoin/bitcoin,75468,2010-12-19
nvm-sh/nvm,75375,2010-04-15
opencv/opencv,75314,2012-07-19
gin-gonic/gin,75295,2014-06-16
macrozheng/mall,75181,2018-04-04
tonsky/FiraCode,75153,2014-11-11
MisterBooo/LeetCodeAnimation,74936,2018-12-06
florinpop17/app-ideas,74755,2019-02-25
krahets/hello-algo,74547,2022-11-04
doocs/advanced-java,74121,2018-10-06
FortAwesome/Font-Awesome,72974,2012-02-17
spring-projects/spring-boot,72592,2012-10-19
gohugoio/hugo,72333,2013-07-04
excalidraw/excalidraw,72266,2020-01-02
jaywcjlove/awesome-mac,71085,2016-07-17
typicode/json-server,71072,2013-11-27
vuejs/awesome-vue,70863,2015-10-20
massgravel/Microsoft-Activation-Scripts,70602,2020-01-12
tiangolo/fastapi,70537,2018-12-08
oven-sh/bun,70230,2021-04-14
yt-dlp/yt-dlp,69911,2020-10-26
home-assistant/core,68391,2013-09-17
netdata/netdata,68004,2013-06-17
moby/moby,67664,2013-01-18
elastic/elasticsearch,67411,2010-02-08
thedaviddias/Front-End-Checklist,67371,2017-10-16
ChatGPTNextWeb/ChatGPT-Next-Web,67290,2023-03-10
base-org/node,67090,2023-02-01
hakimel/reveal.js,66834,2011-06-07
microsoft/ML-For-Beginners,66756,2021-03-03
DopplerHQ/awesome-interview-questions,66676,2015-11-28
mermaid-js/mermaid,66668,2014-11-01
pallets/flask,66258,2010-04-06
apple/swift,65816,2015-10-23
supabase/supabase,65239,2019-10-12
CompVis/stable-diffusion,65153,2022-08-10
coder/code-server,65102,2019-02-27
Developer-Y/cs-video-courses,64706,2016-10-21
redis/redis,64632,2009-03-21
vitejs/vite,64493,2020-04-21
anuraghazra/github-readme-stats,64455,2020-07-09
webpack/webpack,64138,2012-03-10
nestjs/nest,64092,2017-02-04
expressjs/express,63692,2009-06-26
nomic-ai/gpt4all,63569,2023-03-27
fighting41love/funNLP,63559,2018-08-21
protocolbuffers/protobuf,63514,2014-08-26
MunGell/awesome-for-beginners,63428,2015-10-24
josephmisiti/awesome-machine-learning,63394,2014-07-15
chartjs/Chart.js,63353,2013-03-17
bregman-arie/devops-exercises,63192,2019-10-03
FuelLabs/sway,63177,2021-01-19
rustdesk/rustdesk,62339,2020-09-28
enaqx/awesome-react,61771,2014-08-06
leonardomso/33-js-concepts,61760,2018-09-04
kdn251/interviews,61493,2017-02-14
resume/resume.github.com,61377,2011-02-06
microsoft/playwright,61374,2019-11-15
twitter/the-algorithm,61276,2023-03-27
ansible/ansible,61043,2012-03-06
keras-team/keras,60877,2015-03-28
2dust/v2rayN,60791,2019-07-30
reduxjs/redux,60433,2015-05-29
grafana/grafana,60209,2013-12-11
socketio/socket.io,60083,2010-03-11
atom/atom,59956,2012-01-20
Anduin2017/HowToCook,59952,2020-02-29
hoppscotch/hoppscotch,59918,2019-08-21
strapi/strapi,59780,2015-09-30
openai/whisper,59683,2022-09-16
adam-p/markdown-here,59477,2012-05-13
python/cpython,59412,2017-02-10
lydiahallie/javascript-questions,59397,2019-06-12
junegunn/fzf,59329,2013-10-23
syncthing/syncthing,59287,2013-11-26
kelseyhightower/nocode,59268,2018-02-06
xingshaocheng/architect-awesome,59209,2018-04-06
angular/angular.js,58932,2010-01-06
h5bp/Front-end-Developer-Interview-Questions,58928,2012-02-09
jquery/jquery,58856,2009-04-03
apache/echarts,58833,2013-04-03
lodash/lodash,58816,2012-04-07
FuelLabs/fuel-core,58741,2020-08-27
apache/superset,58589,2015-07-21
awesomedata/awesome-public-datasets,58215,2014-11-20
scikit-learn/scikit-learn,57992,2010-08-17
shadowsocks/shadowsocks-windows,57919,2013-01-14
tesseract-ocr/tesseract,57793,2014-08-12
3b1b/manim,57692,2015-03-22
ventoy/Ventoy,57562,2020-03-10
xtekky/gpt4free,56861,2023-03-29
swisskyrepo/PayloadsAllTheThings,56549,2016-10-18
TheAlgorithms/Java,56527,2016-07-16
ByteByteGoHq/system-design-101,56513,2023-09-18
d2l-ai/d2l-zh,56400,2017-08-23
chrislgarry/Apollo-11,56340,2014-04-03
bradtraversy/design-resources-for-developers,56061,2020-05-06
sdmg15/Best-websites-a-programmer-should-visit,56018,2017-03-05
h5bp/html5-boilerplate,55933,2010-01-24
shadcn-ui/ui,55799,2023-01-04
sindresorhus/awesome-nodejs,55720,2014-07-11
openai/openai-cookbook,55650,2022-03-11
ocornut/imgui,55490,2014-07-21
obsproject/obs-studio,55334,2013-10-01
fffaraz/awesome-cpp,55281,2014-07-17
ggerganov/llama.cpp,55281,2023-03-10
spring-projects/spring-framework,54991,2010-12-08
gatsbyjs/gatsby,54984,2015-05-21
Eugeny/tabby,54911,2016-12-23
rails/rails,54846,2008-04-11
ollama/ollama,54706,2023-06-26
binary-husky/gpt_academic,54311,2023-03-20
ElemeFE/element,53932,2016-09-03
azl397985856/leetcode,53704,2018-03-30
prakhar1989/awesome-courses,53626,2014-11-15
caddyserver/caddy,53478,2015-01-13
danielmiessler/SecLists,53397,2012-02-19
scutan90/DeepLearning-500-questions,53149,2018-06-27
binhnguyennus/awesome-scalability,52877,2017-12-27
facebook/docusaurus,52592,2017-06-20
prometheus/prometheus,52582,2012-11-24
alacritty/alacritty,52522,2016-02-18
meta-llama/llama,52270,2023-02-14
localstack/localstack,52011,2016-10-25
remix-run/react-router,51860,2014-05-16
necolas/normalize.css,51802,2011-05-04
nuxt/nuxt,51712,2016-10-26
ageitgey/face_recognition,51668,2017-03-03
Alvin9999/new-pac,51566,2016-03-23
zylon-ai/private-gpt,51417,2023-05-02
psf/requests,51302,2011-02-13
Solido/awesome-flutter,51088,2017-05-07
sherlock-project/sherlock,51078,2018-12-24
Semantic-Org/Semantic-UI,50983,2013-04-08
ryanoasis/nerd-fonts,50982,2014-12-05
scrapy/scrapy,50783,2010-02-22
CorentinJ/Real-Time-Voice-Cloning,50627,2019-05-26
ionic-team/ionic-framework,50371,2013-08-20
gpt-engineer-org/gpt-engineer,50337,2023-04-29
PlexPt/awesome-chatgpt-prompts-zh,50002,2022-12-12
nektos/act,49884,2019-01-02
git/git,49756,2008-07-23
google/material-design-icons,49735,2014-10-08
google/guava,49337,2014-05-29
soimort/you-get,49205,2012-08-20
deepfakes/faceswap,49108,2017-12-19
PKUFlyingPig/cs-self-learning,49086,2021-10-20
wasabeef/awesome-android-ui,49026,2014-12-24
rust-lang/rustlings,48943,2015-09-15
louislam/uptime-kuma,48770,2021-07-03
juliangarnier/anime,48609,2016-03-13
jgthms/bulma,48545,2016-01-23
AppFlowy-IO/AppFlowy,48399,2021-06-16
jekyll/jekyll,48244,2008-10-20
tldr-pages/tldr,48229,2013-12-08
prettier/prettier,48183,2016-11-29
abi/screenshot-to-code,48147,2023-11-14
moment/moment,47781,2011-03-01
traefik/traefik,47667,2015-09-13
ReactiveX/RxJava,47616,2013-01-08
JetBrains/kotlin,47406,2012-02-13
NationalSecurityAgency/ghidra,47397,2019-03-01
commaai/openpilot,47319,2016-11-24
xai-org/grok-1,47314,2024-03-17
OpenInterpreter/open-interpreter,47211,2023-07-14
NARKOZ/hacker-scripts,47142,2015-11-21
labmlai/annotated_deep_learning_paper_implementations,47141,2020-08-25
DefinitelyTyped/DefinitelyTyped,47056,2012-10-05
youngyangyang04/leetcode-master,47000,2019-12-14
Textualize/rich,46929,2019-11-10
lencx/ChatGPT,46770,2022-12-07
pi-hole/pi-hole,46659,2014-06-08
ultralytics/yolov5,46631,2020-05-18
chinese-poetry/chinese-poetry,46571,2016-09-02
jgraph/drawio-desktop,46522,2017-05-25
iamadamdev/bypass-paywalls-chrome,46396,2018-04-07
sharkdp/bat,46268,2018-04-21
etcd-io/etcd,46250,2013-07-06
mozilla/pdf.js,46100,2011-04-26
algorithm-visualizer/algorithm-visualizer,46086,2016-05-15
cypress-io/cypress,46084,2015-03-04
serverless/serverless,46039,2015-04-21
ethereum/go-ethereum,45944,2013-12-26
mastodon/mastodon,45853,2016-02-22
minimaxir/big-list-of-naughty-strings,45834,2015-08-08
iamkun/dayjs,45681,2018-04-10
golang-standards/project-layout,45658,2017-09-09
vsouza/awesome-ios,45644,2014-07-10
TryGhost/Ghost,45615,2013-05-04
FiloSottile/mkcert,45571,2018-06-25
tiimgreen/github-cheat-sheet,45487,2014-04-12
square/okhttp,45220,2012-07-23
iperov/DeepFaceLab,45213,2018-06-04
jesseduffield/lazygit,45207,2018-05-19
charlax/professional-programming,45125,2015-11-07
ziishaned/learn-regex,45014,2017-07-22
v2ray/v2ray-core,44666,2015-09-04
FuelLabs/fuels-rs,44660,2021-10-31
BurntSushi/ripgrep,44659,2016-03-11
FuelLabs/fuels-ts,44610,2021-09-03
marktext/marktext,44539,2017-11-12
JuliaLang/julia,44454,2011-04-21
vuejs/core,44399,2018-06-12
ngosang/trackerslist,44284,2016-04-24
gogs/gogs,44079,2014-02-12
karan/Projects,44043,2013-07-04
justjavac/awesome-wechat-weapp,44042,2016-09-22
meteor/meteor,44018,2012-01-19
minio/minio,44011,2015-01-14
topjohnwu/Magisk,43939,2016-09-08
typescript-cheatsheets/react,43922,2018-06-02
android/architecture-samples,43806,2016-02-05
facebookresearch/segment-anything,43767,2023-03-23
rclone/rclone,43605,2014-03-16
ColorlibHQ/AdminLTE,43557,2013-12-25
jestjs/jest,43535,2013-12-10
dair-ai/Prompt-Engineering-Guide,43505,2022-12-16
wagoodman/dive,43427,2018-05-13
kamranahmedse/design-patterns-for-humans,43316,2017-02-16
PowerShell/PowerShell,43225,2016-01-13
aymericdamien/TensorFlow-Examples,43194,2015-11-11
Avik-Jain/100-Days-Of-ML-Code,43162,2018-07-05
x64dbg/x64dbg,43111,2015-04-11
parcel-bundler/parcel,43094,2017-08-07
agalwood/Motrix,43064,2018-12-18
meilisearch/meilisearch,43041,2018-04-23
babel/babel,42893,2014-09-28
gorhill/uBlock,42868,2015-04-01
astaxie/build-web-application-with-golang,42863,2012-08-02
laurent22/joplin,42685,2017-01-16
romkatv/powerlevel10k,42681,2019-02-24
Z4nzu/hackingtool,42614,2020-04-11
vercel/hyper,42602,2016-07-01
rust-unofficial/awesome-rust,42598,2014-07-17
square/retrofit,42585,2010-09-06
pixijs/pixijs,42416,2013-01-21
firstcontributions/first-contributions,42302,2016-09-20
pmndrs/zustand,42180,2019-04-09
FFmpeg/FFmpeg,42159,2011-04-14
nocodb/nocodb,42092,2017-10-29
withastro/astro,42065,2021-03-15
pandas-dev/pandas,41862,2010-08-24
go-gitea/gitea,41702,2016-11-01
k88hudson/git-flight-rules,41588,2014-07-22
google/zx,41504,2021-05-05
microsoft/generative-ai-for-beginners,41438,2023-06-19
isocpp/CppCoreGuidelines,41425,2015-08-19
huginn/huginn,41408,2013-03-10
jakevdp/PythonDataScienceHandbook,41384,2016-08-10
poteto/hiring-without-whiteboards,41372,2017-03-15
yarnpkg/yarn,41326,2016-01-19
ruanyf/weekly,41143,2018-10-13
hashicorp/terraform,41058,2014-03-13
dypsilon/frontend-dev-bookmarks,40850,2013-06-22
appwrite/appwrite,40809,2019-04-08
Asabeneh/30-Days-Of-JavaScript,40806,2019-12-23
bailicangdu/vue2-elm,40736,2016-12-23
grpc/grpc,40649,2014-12-08
Unitech/pm2,40633,2013-05-21
starship/starship,40533,2019-04-02
Alamofire/Alamofire,40490,2014-07-31
discourse/discourse,40381,2013-01-12
n8n-io/n8n,40342,2019-06-22
streamich/react-use,40263,2018-10-27
brillout/awesome-react-components,40257,2016-06-24
nwjs/nw.js,40093,2012-01-04
nlohmann/json,40078,2013-07-04
styled-components/styled-components,40048,2016-08-16
yangshun/front-end-interview-handbook,40026,2018-01-13
apache/dubbo,39978,2012-06-19
dkhamsing/open-source-ios-apps,39940,2015-01-26
Leaflet/Leaflet,39888,2010-09-22
type-challenges/type-challenges,39827,2020-07-23
akullpp/awesome-java,39820,2014-07-09
GitSquared/edex-ui,39793,2017-01-28
TanStack/query,39561,2019-09-10
react-hook-form/react-hook-form,39442,2019-03-05
serhii-londar/open-source-mac-os-apps,39357,2017-11-03
faif/python-patterns,39320,2012-06-06
dcloudio/uni-app,39311,2018-07-12
Homebrew/brew,39260,2016-03-06
THUDM/ChatGLM-6B,39054,2023-03-13
vuetifyjs/vuetify,38991,2016-09-12
quilljs/quill,38940,2012-07-30
Dogfalo/materialize,38863,2014-09-12
skylot/jadx,38833,2013-03-18
geekan/MetaGPT,38795,2023-06-30
RocketChat/Rocket.Chat,38761,2015-05-19
alex/what-happens-when,38616,2013-11-07
fastlane/fastlane,38579,2014-12-02
kelseyhightower/kubernetes-the-hard-way,38522,2016-07-07
nolimits4web/swiper,38491,2012-03-14
jgraph/drawio,38461,2016-09-06
hexojs/hexo,38381,2012-09-23
apache/spark,38264,2014-02-25
PaddlePaddle/PaddleOCR,38183,2020-05-08
microsoft/monaco-editor,38155,2016-06-07
apachecn/ailearning,37965,2017-02-25
hpcaitech/ColossalAI,37761,2021-10-28
jeecgboot/jeecg-boot,37635,2018-11-26
impress/impress.js,37488,2011-12-28
Kong/kong,37426,2014-11-17
LeCoupa/awesome-cheatsheets,37412,2017-11-09
chubin/cheat.sh,37396,2017-05-07
floodsung/Deep-Learning-Papers-Reading-Roadmap,37332,2016-10-14
psf/black,37328,2018-03-14
dbeaver/dbeaver,37237,2015-10-21
php/php-src,37222,2011-06-16
evanw/esbuild,37220,2016-06-14
PhilJay/MPAndroidChart,37215,2014-04-25
videojs/video.js,37101,2010-05-14
prisma/prisma,37074,2019-06-20
Light-City/CPlusPlusThings,37039,2019-07-14
google-research/bert,36929,2018-10-25
alist-org/alist,36916,2020-12-23
tabler/tabler,36879,2018-02-01
getsentry/sentry,36775,2010-08-30
wg/wrk,36707,2012-03-20
FreeCodeCampChina/freecodecamp.cn,36636,2016-09-30
bannedbook/fanqiang,36630,2015-01-14
LAION-AI/Open-Assistant,36601,2022-12-13
sudheerj/reactjs-interview-questions,36545,2018-05-31
pyenv/pyenv,36517,2012-08-31
google/styleguide,36490,2015-05-20
chakra-ui/chakra-ui,36485,2019-08-17
metabase/metabase,36365,2015-02-02
freefq/free,36309,2020-06-07
acmesh-official/acme.sh,36298,2015-12-26
phaserjs/phaser,36274,2013-04-12
iina/iina,36248,2016-12-19
lyswhut/lx-music-desktop,36244,2019-08-14
opentofu/manifesto,36242,2023-08-13
0voice/interview_internal_reference,36064,2019-06-10
pingcap/tidb,36059,2015-09-06
Stability-AI/stablediffusion,36009,2022-11-23
preactjs/preact,36007,2015-09-11
eugenp/tutorials,35904,2013-04-29
QSCTech/zju-icicles,35891,2016-06-28
spf13/cobra,35846,2013-09-03
slatedocs/slate,35818,2013-09-13
dylanaraps/pure-bash-bible,35811,2018-06-13
DovAmir/awesome-design-patterns,35786,2018-06-04
ant-design/ant-design-pro,35746,2017-08-25
oobabooga/text-generation-webui,35629,2022-12-21
GokuMohandas/Made-With-ML,35584,2018-11-05
AobingJava/JavaFamily,35357,2019-11-12
open-guides/og-aws,35350,2016-07-13
gto76/python-cheatsheet,35346,2018-01-25
go-gorm/gorm,35337,2013-10-25
lerna/lerna,35330,2015-12-04
cli/cli,35296,2019-10-03
vlang/v,35248,2019-02-08
sickcodes/Docker-OSX,35115,2020-06-04
exacity/deeplearningbook-chinese,35089,2016-12-07
satwikkansal/wtfpython,35012,2017-08-28
google/leveldb,34991,2014-08-27
alvarotrigo/fullPage.js,34982,2013-09-20
byoungd/English-level-up-tips,34912,2017-05-30
istio/istio,34906,2016-11-18
XingangPan/DragGAN,34894,2023-05-18
koalaman/shellcheck,34877,2012-11-17
vim/vim,34855,2015-08-18
koajs/koa,34810,2013-07-20
mingrammer/diagrams,34764,2020-02-02
geekxh/hello-algorithm,34691,2020-05-29
NervJS/taro,34681,2018-04-08
sahat/hackathon-starter,34680,2013-11-13
shadowsocks/shadowsocks-android,34641,2012-12-16
airbnb/lottie-android,34637,2016-10-06
nativefier/nativefier,34610,2015-07-05
alibaba/arthas,34606,2018-08-29
localsend/localsend,34526,2022-12-16
chenfei-wu/TaskMatrix,34508,2023-03-02
TencentARC/GFPGAN,34489,2021-03-19
nodejs/node-v0.x-archive,34465,2009-05-27
SheetJS/sheetjs,34435,2012-12-03
coreybutler/nvm-windows,34389,2014-09-20
odoo/odoo,34348,2014-05-13
apache/airflow,34348,2015-04-13
bumptech/glide,34326,2013-07-08
lllyasviel/Fooocus,34323,2023-08-09
bradtraversy/50projects50days,34295,2020-11-16
dotnet/aspnetcore,34266,2014-03-11
mitmproxy/mitmproxy,34229,2010-02-16
unknwon/the-way-to-go_ZH_CN,34122,2013-03-24
formulahendry/955.WLB,34115,2019-03-27
curl/curl,34068,2010-03-18
jondot/awesome-react-native,34042,2015-03-26
ClickHouse/ClickHouse,33982,2016-06-02
carbon-app/carbon,33977,2017-06-16
denysdovhan/wtfjs,33941,2017-07-14
BVLC/caffe,33838,2013-09-12
openai/gym,33825,2016-04-27
freeCodeCamp/devdocs,33799,2013-10-24
zenorocha/clipboard.js,33769,2015-09-18
babysor/MockingBird,33741,2021-08-07
date-fns/date-fns,33615,2014-10-06
testerSunshine/12306,33597,2017-05-17
shadowsocks/shadowsocks,33505,2012-04-20
lm-sys/FastChat,33504,2023-03-19
jaredpalmer/formik,33463,2017-06-14
aria2/aria2,33443,2010-11-27
xitu/gold-miner,33341,2015-11-04
AFNetworking/AFNetworking,33335,2011-05-31
naptha/tesseract.js,33327,2015-06-24
adobe/brackets,33297,2011-12-07
typeorm/typeorm,33235,2016-02-29
jesseduffield/lazydocker,33159,2019-05-18
junegunn/vim-plug,33140,2013-09-10
Kong/insomnia,33005,2016-04-23
google/googletest,32988,2015-07-28
huihut/interview,32970,2018-02-09
pocketbase/pocketbase,32899,2022-07-05
Blankj/AndroidUtilCode,32897,2016-07-30
gulpjs/gulp,32882,2013-07-04
immutable-js/immutable-js,32855,2014-07-02
tmux/tmux,32815,2015-06-03
WerWolv/ImHex,32762,2020-11-10
netty/netty,32722,2010-11-09
rapid7/metasploit-framework,32718,2011-08-30
sorrycc/awesome-javascript,32708,2014-07-01
google-research/google-research,32705,2018-10-04
dani-garcia/vaultwarden,32683,2018-02-17
XX-net/XX-Net,32662,2015-01-15
trpc/trpc,32507,2020-07-18
photoprism/photoprism,32480,2018-01-27
microsoft/DeepSpeed,32449,2020-01-23
novuhq/novu,32430,2021-08-26
atlassian/react-beautiful-dnd,32337,2017-08-09
tldraw/tldraw,32333,2021-05-09
fxsjy/jieba,32331,2012-09-29
google/material-design-lite,32280,2015-01-14
bigskysoftware/htmx,32280,2020-04-13
docker/compose,32269,2013-12-09
jgm/pandoc,32267,2010-03-20
suno-ai/bark,32225,2023-04-07
hankcs/HanLP,32200,2014-10-09
zxing/zxing,32194,2011-10-12
shadowsocks/ShadowsocksX-NG,32149,2016-06-10
carbon-language/carbon-lang,32136,2020-04-27
lapce/lapce,32134,2018-02-06
1c7/chinese-independent-developer,32129,2017-09-21
PKUanonym/REKCARC-TSC-UHT,32126,2019-04-05
bilibili/ijkplayer,32079,2013-06-03
bevyengine/bevy,32060,2020-01-18
zhongyang219/TrafficMonitor,32010,2017-07-30
xkcoding/spring-boot-demo,31949,2017-11-10
halfrost/LeetCode-Go,31932,2017-07-18
Ryujinx/Ryujinx,31930,2018-02-04
comfyanonymous/ComfyUI,31909,2023-01-17
markedjs/marked,31825,2011-07-24
files-community/Files,31824,2019-01-04
QuivrHQ/quivr,31799,2023-05-12
httpie/cli,31715,2012-02-25
goabstract/Awesome-Design-Tools,31707,2019-02-12
typicode/husky,31507,2014-06-23
Trinea/android-open-project,31484,2014-01-05
laravel/framework,31448,2013-01-10
sharkdp/fd,31441,2017-05-09
appsmithorg/appsmith,31400,2020-06-30
harness/gitness,31370,2014-02-07
streamlit/streamlit,31367,2019-08-24
karpathy/nanoGPT,31356,2022-12-28
halo-dev/halo,31336,2018-03-21
ccxt/ccxt,31236,2017-05-14
gofiber/fiber,31229,2020-01-16
bayandin/awesome-awesomeness,31226,2014-07-08
TheAlgorithms/JavaScript,31196,2017-07-13
slidevjs/slidev,31055,2021-04-24
alebcay/awesome-shell,31011,2014-07-07
blueimp/jQuery-File-Upload,30982,2010-12-01
solidjs/solid,30979,2018-04-24
ray-project/ray,30897,2016-10-25
zed-industries/zed,30890,2021-02-20
beego/beego,30854,2012-02-29
microsoft/AI-For-Beginners,30837,2021-03-03
alibaba/easyexcel,30826,2018-02-06
The-Run-Philosophy-Organization/run,30805,2022-04-10
hasura/graphql-engine,30795,2018-06-18
certbot/certbot,30786,2014-11-12
Asabeneh/30-Days-Of-Python,30652,2019-11-19
run-llama/llama_index,30589,2022-11-02
termux/termux-app,30519,2015-10-23
fastify/fastify,30510,2016-09-28
saadeghi/daisyui,30465,2020-11-28
sqlmapproject/sqlmap,30458,2012-06-26
fengdu78/Coursera-ML-AndrewNg-Notes,30388,2017-11-04
mqyqingfeng/Blog,30380,2017-03-13
ziadoz/awesome-php,30311,2013-11-26
Chanzhaoyu/chatgpt-web,30304,2023-02-09
2dust/v2rayNG,30245,2019-05-15
ziglang/zig,30238,2015-08-06
Binaryify/NeteaseCloudMusicApi,30231,2016-06-22
ReactiveX/rxjs,30153,2015-03-15
toeverything/AFFiNE,30123,2022-07-31
colinhacks/zod,30092,2020-03-07
amix/vimrc,30078,2012-05-29
alibaba/p3c,30070,2017-06-23
lib-pku/libpku,30065,2018-11-22
docker/awesome-compose,29974,2020-02-13
immich-app/immich,29967,2022-02-03
swc-project/swc,29922,2017-12-22
ityouknow/spring-boot-examples,29880,2016-11-05
joshbuchea/HEAD,29872,2016-04-20
yewstack/yew,29860,2017-12-16
nushell/nushell,29801,2019-05-10
helix-editor/helix,29790,2020-06-01
mathiasbynens/dotfiles,29765,2011-09-05
CMU-Perceptual-Computing-Lab/openpose,29762,2017-04-24
vuejs/vue-cli,29749,2015-12-26
niklasvh/html2canvas,29743,2011-07-16
geekcomputers/Python,29733,2011-11-30
ggerganov/whisper.cpp,29707,2022-09-25
SimplifyJobs/Summer2024-Internships,29700,2020-05-23
pcottle/learnGitBranching,29646,2012-08-13
ibraheemdev/modern-unix,29626,2021-01-12
huggingface/pytorch-image-models,29608,2019-02-02
airbnb/lottie-web,29608,2015-02-20
foundation/foundation-sites,29599,2011-10-13
hashicorp/vault,29594,2015-02-25
reworkd/AgentGPT,29576,2023-04-07
logseq/logseq,29519,2020-05-23
zsh-users/zsh-autosuggestions,29508,2013-10-26
jellyfin/jellyfin,29453,2018-12-09
ariya/phantomjs,29393,2010-12-27
DIYgod/RSSHub,29375,2018-04-02
react-boilerplate/react-boilerplate,29371,2015-02-18
0xAX/linux-insides,29366,2015-01-03
python-poetry/poetry,29351,2018-02-28
vercel/swr,29348,2019-10-28
symfony/symfony,29274,2010-01-04
ryanhanwu/How-To-Ask-Questions-The-Smart-Way,29223,2015-03-28
SeleniumHQ/selenium,29202,2013-01-14
lukehoban/es6features,29200,2014-03-03
CSSEGISandData/COVID-19,29177,2020-02-04
elsewhencode/project-guidelines,29177,2017-06-30
facebookresearch/fairseq,29164,2017-08-29
square/leakcanary,29107,2015-04-29
geekan/HowToLiveLonger,29050,2022-04-16
yunjey/pytorch-tutorial,29046,2017-03-10
IanLunn/Hover,29045,2014-01-02
ehang-io/nps,29041,2018-11-04
sequelize/sequelize,29020,2010-07-22
TheAlgorithms/C-Plus-Plus,29019,2016-07-16
aosabook/500lines,29017,2013-11-04
kilimchoi/engineering-blogs,29010,2015-06-13
cockroachdb/cockroach,29004,2014-02-06
alibaba/nacos,28958,2018-06-15
ianstormtaylor/slate,28942,2016-06-18
jqlang/jq,28935,2012-07-18
webtorrent/webtorrent,28930,2013-10-15
coqui-ai/TTS,28860,2020-05-20
qishibo/AnotherRedisDesktopManager,28851,2019-01-08
standard/standard,28848,2015-01-27
microsoft/calculator,28838,2019-01-28
expo/expo,28817,2016-08-15
layui/layui,28783,2015-09-22
apolloconfig/apollo,28752,2016-03-04
spacedriveapp/spacedrive,28750,2021-09-27
doocs/leetcode,28741,2018-09-16
tatsu-lab/stanford_alpaca,28712,2023-03-10
donnemartin/interactive-coding-challenges,28697,2015-04-28
portainer/portainer,28668,2016-05-19
explosion/spaCy,28661,2014-07-03
coolsnowwolf/lede,28648,2017-09-06
karanpratapsingh/system-design,28600,2022-08-15
SortableJS/Sortable,28592,2013-12-19
facebookresearch/detectron2,28579,2019-09-05
shengxinjing/programmer-job-blacklist,28502,2016-06-25
gradio-app/gradio,28483,2018-12-19
SerenityOS/serenity,28481,2018-12-02
tastejs/todomvc,28472,2011-06-03
TeamNewPipe/NewPipe,28462,2015-09-03
floating-ui/floating-ui,28459,2016-03-29
jaywcjlove/linux-command,28454,2016-11-12
calcom/cal.com,28442,2021-03-22
kodecocodes/swift-algorithm-club,28432,2016-01-26
labstack/echo,28427,2015-03-01
herrbischoff/awesome-macos-command-line,28380,2015-09-22
AykutSarac/jsoncrack.com,28378,2022-01-30
vuejs/vuex,28354,2015-07-16
VincentGarreau/particles.js,28346,2014-09-06
AMAI-GmbH/AI-Expert-Roadmap,28345,2020-10-24
parallax/jsPDF,28331,2009-12-06
kubernetes/minikube,28302,2016-04-15
dromara/hutool,28277,2014-04-13
trailofbits/algo,28276,2016-05-15
kenwheeler/slick,28267,2014-03-24
veggiemonk/awesome-docker,28265,2014-09-21
codepath/android_guides,28256,2013-06-19
composer/composer,28214,2011-06-08
postcss/postcss,28172,2013-09-24
OAI/OpenAPI-Specification,28170,2014-03-03
mlabonne/llm-course,28129,2023-06-17
jashkenas/backbone,28078,2010-09-30
caolan/async,28069,2010-06-01
Ebazhanov/linkedin-skill-assessments-quizzes,28063,2019-07-13
transloadit/uppy,28059,2015-11-16
lukasz-madon/awesome-remote-job,28034,2015-01-02
jobbole/awesome-python-cn,28012,2015-11-03
mattermost/mattermost,27976,2015-06-15
facebookresearch/faiss,27937,2017-02-07
GitHubDaily/GitHubDaily,27925,2018-12-30
acheong08/ChatGPT,27912,2022-12-03
lovell/sharp,27880,2013-08-19
google/jax,27803,2018-10-25
GoogleChrome/lighthouse,27802,2016-03-08
Pythagora-io/gpt-pilot,27769,2023-08-16
hashicorp/consul,27752,2013-11-04
wuyouzhuguli/SpringAll,27744,2018-05-02
cheeriojs/cheerio,27732,2011-10-09
typst/typst,27697,2019-09-24
ZuzooVn/machine-learning-for-software-engineers,27685,2016-10-09
alibaba/canal,27678,2013-01-13
lllyasviel/ControlNet,27672,2023-02-01
influxdata/influxdb,27665,2013-09-26
open-mmlab/mmdetection,27643,2018-08-22
lobehub/lobe-chat,27626,2023-05-21
remoteintech/remote-jobs,27617,2015-10-13
alibaba/druid,27615,2011-11-03
balena-io/etcher,27605,2015-10-27
realpython/python-guide,27588,2011-03-15
pnpm/pnpm,27555,2016-01-28
ShareX/ShareX,27536,2013-10-08
zeromicro/go-zero,27525,2020-08-07
ascoders/weekly,27504,2017-03-20
v2fly/v2ray-core,27479,2019-04-15
encode/django-rest-framework,27443,2011-03-02
fabricjs/fabric.js,27389,2010-06-09
pmndrs/react-spring,27377,2018-03-07
tqdm/tqdm,27362,2015-06-03
jamiebuilds/the-super-tiny-compiler,27349,2016-03-11
facebook/rocksdb,27308,2012-11-30
ChartsOrg/Charts,27298,2015-03-20
Advanced-Frontend/Daily-Interview-Question,27259,2019-01-19
apache/kafka,27244,2011-08-15
remix-run/remix,27233,2020-10-26
jashkenas/underscore,27231,2009-10-25
AllThingsSmitty/css-protips,27227,2015-08-29
JedWatson/react-select,27217,2014-08-26
alibaba/spring-cloud-alibaba,27213,2017-12-01
mobxjs/mobx,27176,2015-03-14
Awesome-Windows/Awesome,27153,2016-05-30
nagadomi/waifu2x,27140,2015-05-17
crossoverJie/JCSprout,27070,2017-12-17
Tencent/weui,27050,2014-12-18
digitalocean/nginxconfig.io,27025,2018-01-05
YMFE/yapi,27021,2016-05-30
Homebrew/legacy-homebrew,27020,2009-05-20
penpot/penpot,27016,2015-12-29
facebook/folly,27016,2012-06-01
usememos/memos,26951,2021-12-08
lenve/vhr,26940,2018-01-04
qier222/YesPlayMusic,26922,2020-10-09
immerjs/immer,26876,2017-12-29
geekcompany/ResumeSample,26858,2014-09-08
ageron/handson-ml2,26848,2019-01-08
fzaninotto/Faker,26790,2011-10-14
chatchat-space/Langchain-Chatchat,26784,2023-03-31
wesbos/JavaScript30,26760,2016-12-07
Lightning-AI/pytorch-lightning,26758,2019-03-31
GorvGoyl/Clone-Wars,26743,2020-12-02
alpinejs/alpine,26741,2019-11-28
pbatard/rufus,26719,2011-11-19
houshanren/hangzhou_house_knowledge,26689,2018-02-24
codex-team/editor.js,26678,2015-11-28
viraptor/reverse-interview,26646,2019-09-08
Automattic/mongoose,26583,2010-04-06
angular/angular-cli,26582,2015-06-04
codemirror/codemirror5,26558,2011-01-14
milvus-io/milvus,26540,2019-09-16
docsifyjs/docsify,26523,2016-11-20
nvie/gitflow,26512,2010-01-20
rethinkdb/rethinkdb,26510,2012-10-30
ToolJet/ToolJet,26503,2021-03-30
xuxueli/xxl-job,26444,2015-11-28
donnemartin/data-science-ipython-notebooks,26432,2015-01-23
OWASP/CheatSheetSeries,26412,2018-12-21
aseprite/aseprite,26404,2014-08-19
ajaxorg/ace,26372,2010-10-27
maybe-finance/maybe,26367,2024-01-01
k3s-io/k3s,26345,2018-05-31
CamDavidsonPilon/Probabilistic-Programming-and-Bayesian-Methods-for-Hackers,26323,2013-01-14
GitbookIO/gitbook,26314,2014-03-31
cfenollosa/os-tutorial,26308,2014-09-29
JushBJJ/Mr.-Ranedeer-AI-Tutor,26271,2023-03-31
google/python-fire,26255,2017-02-21
microsoft/Data-Science-For-Beginners,26253,2021-03-03
numpy/numpy,26252,2010-09-13
Pierian-Data/Complete-Python-3-Bootcamp,26241,2018-02-12
linexjlin/GPTs,26234,2023-11-11
schollz/croc,26231,2017-10-17
backstage/backstage,26220,2020-01-24
facebookresearch/Detectron,26133,2017-10-05
astral-sh/ruff,26127,2022-08-09
go-kit/kit,26083,2015-02-03
statelyai/xstate,26082,2015-09-14
tj/commander.js,26055,2011-08-14
qiurunze123/miaosha,26037,2018-09-14
MonitorControl/MonitorControl,26019,2017-09-16
upscayl/upscayl,26016,2022-07-30
helm/helm,25978,2015-10-06
huiyadanli/RevokeMsgPatcher,25978,2019-07-21
OpenBB-finance/OpenBBTerminal,25978,2020-12-20
mckaywrigley/chatbot-ui,25977,2023-03-11
lutzroeder/netron,25970,2010-12-26
remy/nodemon,25966,2010-10-03
dokku/dokku,25947,2013-06-08
servo/servo,25945,2012-02-08
bvaughn/react-virtualized,25928,2015-11-03
xinntao/Real-ESRGAN,25886,2021-07-19
google/comprehensive-rust,25856,2022-12-21
pola-rs/polars,25856,2020-05-13
pmndrs/react-three-fiber,25843,2019-02-25
eugeneyan/applied-ml,25837,2020-07-04
rstacruz/nprogress,25832,2013-08-20
hashicorp/vagrant,25820,2010-01-21
JakeChampion/fetch,25801,2014-10-13
zhiwehu/Python-programming-exercises,25794,2012-06-14
mpv-player/mpv,25793,2012-10-13
MichaelCade/90DaysOfDevOps,25778,2021-12-26
select2/select2,25764,2012-03-04
vadimdemedes/ink,25740,2017-06-12
spf13/viper,25709,2014-04-02
ggreer/the_silver_searcher,25688,2011-11-19
request/request,25672,2011-01-23
LC044/WeChatMsg,25645,2023-01-11
michalsnik/aos,25632,2015-07-09
alibaba/fastjson,25626,2011-11-03
Modernizr/Modernizr,25602,2009-09-25
JakeWharton/butterknife,25570,2013-03-05
facebookresearch/fastText,25564,2016-07-16
fastai/fastai,25562,2017-09-09
cmderdev/cmder,25537,2013-07-09
dmlc/xgboost,25532,2014-02-06
dwmkerr/hacker-laws,25523,2018-01-25
swagger-api/swagger-ui,25475,2011-07-15
nextcloud/server,25467,2016-06-02
dnSpy/dnSpy,25412,2015-07-01
StevenBlack/hosts,25392,2012-04-12
mongodb/mongo,25383,2009-01-15
freqtrade/freqtrade,25366,2017-05-17
llvm/llvm-project,25363,2016-12-07
sampotts/plyr,25359,2015-02-14
coder2gwy/coder2gwy,25349,2020-12-30
gchq/CyberChef,25340,2016-11-28
google/mediapipe,25336,2019-06-13
powerline/fonts,25318,2012-12-19
directus/directus,25279,2012-12-12
sindresorhus/awesome-electron,25269,2015-04-23
zadam/trilium,25257,2017-05-23
pjreddie/darknet,25250,2014-04-11
ycm-core/YouCompleteMe,25244,2012-04-16
quasarframework/quasar,25166,2015-10-05
spipm/Depix,25165,2020-12-06
hollischuang/toBeTopJavaer,25143,2018-10-25
surrealdb/surrealdb,25102,2021-12-09
emscripten-core/emscripten,25096,2011-02-12
mbeaudru/modern-js-cheatsheet,25095,2017-09-18
ageron/handson-ml,25085,2016-02-16
terryum/awesome-deep-learning-papers,25083,2016-06-03
littlecodersh/ItChat,25028,2016-01-19
iawia002/lux,25026,2018-02-24
qianguyihao/Web,25020,2017-01-03
akveo/ngx-admin,25011,2016-05-25
nothings/stb,24984,2014-05-25
proxyee-down-org/proxyee-down,24973,2017-10-25
apache/incubator-seata,24906,2018-12-28
qbittorrent/qBittorrent,24900,2012-02-04
SDWebImage/SDWebImage,24899,2009-09-21
airbnb/lottie-ios,24897,2016-10-06
getredash/redash,24891,2013-10-28
signalapp/Signal-Android,24852,2011-12-15
deezer/spleeter,24840,2019-09-26
kataras/iris,24839,2016-01-30
vercel/turbo,24823,2021-10-05
Vision-CAIR/MiniGPT-4,24823,2023-04-15
nicolargo/glances,24811,2011-12-04
imDazui/Tvlist-awesome-m3u-m3u8,24800,2017-02-18
nylas/nylas-mail,24786,2014-10-16
haizlin/fe-interview,24770,2019-04-17
discordjs/discord.js,24756,2015-08-10
derailed/k9s,24742,2019-01-25
rollup/rollup,24738,2015-05-14
taichi-dev/taichi,24723,2016-11-24
s0md3v/roop,24712,2023-05-28
python-telegram-bot/python-telegram-bot,24671,2015-07-07
scwang90/SmartRefreshLayout,24670,2017-06-02
google-research/tuning_playbook,24640,2023-01-18
zbezj/HEU_KMS_Activator,24618,2019-06-23
greenrobot/EventBus,24575,2012-07-16
pypa/pipenv,24574,2017-01-20
dotnet-architecture/eShopOnContainers,24572,2016-10-05
tokio-rs/tokio,24559,2016-09-09
react-native-elements/react-native-elements,24555,2016-09-08
kuchin/awesome-cto,24529,2016-12-16
nsqio/nsq,24524,2012-05-12
microsoft/autogen,24481,2023-08-18
fish-shell/fish-shell,24465,2012-05-10
openfaas/faas,24463,2016-12-22
refinedev/refine,24456,2021-01-20
feathericons/feather,24447,2014-05-28
zhayujie/chatgpt-on-wechat,24437,2022-08-07
telegramdesktop/tdesktop,24400,2014-05-02
ApolloAuto/apollo,24345,2017-07-04
rxhanson/Rectangle,24330,2019-06-21
vuejs/devtools,24312,2014-09-29
datasciencemasters/go,24271,2013-08-14
withfig/autocomplete,24253,2020-09-29
matteocrippa/awesome-swift,24240,2014-07-10
Asabeneh/30-Days-Of-React,24234,2020-09-29
viatsko/awesome-vscode,24219,2016-02-07
localForage/localForage,24217,2013-10-31
eslint/eslint,24213,2013-06-29
mozilla/DeepSpeech,24178,2016-06-02
vercel/pkg,24171,2016-08-08
ReactiveX/RxSwift,24149,2015-04-07
mbadolato/iTerm2-Color-Schemes,24140,2011-04-01
mantinedev/mantine,24129,2021-01-07
ossrs/srs,24126,2015-04-29
microsoft/cascadia-code,24122,2019-07-10
tailwindlabs/headlessui,24122,2020-09-16
yeasy/docker_practice,24114,2014-09-05
openssl/openssl,24101,2013-01-15
matterport/Mask_RCNN,24097,2017-10-19
angular/components,24072,2016-01-04
OpenZeppelin/openzeppelin-contracts,24063,2016-08-01
mli/paper-reading,24059,2021-10-22
CymChad/BaseRecyclerViewAdapterHelper,24046,2016-04-10
rwaldron/idiomatic.js,24046,2011-05-25
tmrts/go-patterns,24039,2015-12-14
TanStack/table,24038,2016-10-20
utmapp/UTM,24030,2019-04-12
KRTirtho/spotube,24026,2021-02-14
mdbootstrap/mdb-ui-kit,24003,2014-08-18
sirupsen/logrus,23988,2013-10-16
YunaiV/ruoyi-vue-pro,23985,2021-01-24
lizongying/my-tv,23973,2023-12-04
iview/iview,23971,2016-07-28
hwdsl2/setup-ipsec-vpn,23944,2016-01-07
marmelab/react-admin,23942,2016-07-13
firecracker-microvm/firecracker,23941,2017-10-19
Wox-launcher/Wox,23926,2013-12-19
johnpapa/angular-styleguide,23911,2014-07-29
outline/outline,23910,2016-05-22
hammerjs/hammer.js,23909,2012-03-02
neoclide/coc.nvim,23896,2018-05-01
rome/tools,23893,2020-02-20
inconshreveable/ngrok,23884,2013-03-20
sdras/awesome-actions,23873,2018-10-17
Netflix/Hystrix,23863,2012-11-19
envoyproxy/envoy,23845,2016-08-08
svc-develop-team/so-vits-svc,23837,2023-03-10
zyedidia/micro,23836,2016-03-11
VundleVim/Vundle.vim,23809,2010-10-17
zloirock/core-js,23808,2013-07-17
makeplane/plane,23800,2022-11-19
vapor/vapor,23767,2016-01-18
charmbracelet/bubbletea,23760,2020-01-10
dimsemenov/PhotoSwipe,23739,2011-04-07
Igglybuff/awesome-piracy,23711,2018-10-09
heartcombo/devise,23702,2009-09-16
tinygrad/tinygrad,23696,2020-10-18
dragonflydb/dragonfly,23666,2021-12-11
restic/restic,23658,2014-04-27
DrKLO/Telegram,23645,2013-10-25
ueberdosis/tiptap,23633,2018-08-20
NativeScript/NativeScript,23627,2015-03-01
AvaloniaUI/Avalonia,23619,2013-12-05
gitlabhq/gitlabhq,23579,2011-10-02
VSCodium/vscodium,23572,2018-08-13
chubin/wttr.in,23567,2015-12-26
locustio/locust,23565,2011-02-17
alibaba/flutter-go,23562,2019-01-08
ramda/ramda,23560,2013-06-21
jumpserver/jumpserver,23520,2014-07-04
keon/algorithms,23516,2016-11-17
filebrowser/filebrowser,23514,2015-09-11
doczjs/docz,23499,2018-03-17
goldbergyoni/javascript-testing-best-practices,23495,2019-07-04
syl20bnr/spacemacs,23483,2012-12-17
gedoor/legado,23464,2019-05-22
kahun/awesome-sysadmin,23421,2014-02-09
Textualize/textual,23414,2021-04-08
celery/celery,23406,2009-04-24
requarks/wiki,23406,2016-08-16
pure-css/pure,23382,2013-04-22
FlowiseAI/Flowise,23344,2023-03-31
vnpy/vnpy,23315,2015-03-02
homebridge/homebridge,23310,2014-12-01
rwf2/Rocket,23307,2016-03-18
grafana/k6,23264,2016-03-21
android/architecture-components-samples,23260,2017-05-09
ogham/exa,23249,2014-05-22
reduxjs/react-redux,23232,2015-07-11
dapr/dapr,23227,2019-06-19
react-navigation/react-navigation,23222,2017-01-26
apache/skywalking,23214,2015-11-07
libuv/libuv,23196,2013-11-30
t3-oss/create-t3-app,23170,2022-05-24
github/copilot-docs,23159,2021-10-23
fyne-io/fyne,23158,2018-02-04
MostlyAdequate/mostly-adequate-guide,23147,2015-05-06
elixir-lang/elixir,23142,2011-01-09
ai/nanoid,23122,2017-08-05
eriklindernoren/ML-From-Scratch,23120,2017-02-05
apache/flink,23114,2014-06-07
StreisandEffect/streisand,23108,2014-03-23
flameshot-org/flameshot,23089,2017-05-10
changkun/modern-cpp-tutorial,23045,2016-08-19
element-plus/element-plus,23020,2020-07-21
highlightjs/highlight.js,23015,2011-01-01
